town,county,cluster,cluster_name,weighted_frpl_rate,total_enrollment,county_median_income,hardship_score,PC1,PC2,PC3,PC4,PC5
Island Pond,Essex,1,High Hardship - Rural Poor,62.22,135.0,55247,3.791,6.378035185142563,-0.4722373777844314,-1.41297235221116,-0.7183873493486062,-1.0457159801482134
North Troy,Orleans,1,High Hardship - Rural Poor,75.4,187.0,63981,3.704,7.344300838978093,0.3296855762823582,1.795998130375666,-0.0048089261459753,-0.5693250752456718
Gilman,Essex,1,High Hardship - Rural Poor,55.0,60.0,55247,3.312,5.240738840563633,-0.8431931081012475,-2.0621276770967465,-1.1240429966951533,-0.8528721947580706
Wallingford,Rutland,1,High Hardship - Rural Poor,66.39,122.0,62641,3.254,5.933457995467507,-0.0601865327280839,1.1985687673793384,-0.2312377993816277,-0.4448173750414633
Lowell,Orleans,1,High Hardship - Rural Poor,68.6,86.0,63981,3.253,6.502226919848069,-0.1536988819557957,1.6275587379891792,-0.1260878871380467,-0.0510489899393282
Concord,Essex,1,High Hardship - Rural Poor,50.0,156.0,55247,2.981,4.435455425924663,-0.8338559533526884,-2.399220771723701,-0.928487397788337,-1.0040291609592735
Derby,Orleans,1,High Hardship - Rural Poor,62.74,263.0,63981,2.864,5.242418368141879,0.3334871288794067,0.9837699992394796,0.0027332627711215,-1.1603794166554515
Coventry,Orleans,1,High Hardship - Rural Poor,61.48,122.0,63981,2.781,5.360849561231781,-0.3192115354282717,1.0570636644831195,-0.1827101720693466,-0.0808387700087098
Brownington,Orleans,1,High Hardship - Rural Poor,60.75,107.0,63981,2.732,5.262034651644116,-0.3773586503064167,1.0223918331455757,-0.2185970374852989,-0.0240619056684058
Newport,Orleans,1,High Hardship - Rural Poor,58.75,994.0,63981,2.6,4.554740528827813,3.8813296806036353,-0.5841217234019521,1.7629066054197644,1.526584518143358
Newport Center,Orleans,1,High Hardship - Rural Poor,58.59,128.0,63981,2.589,4.843059924733973,-0.382852452758013,0.7055295913523291,-0.3204951135631173,-0.143800487162175
Albany,Orleans,1,High Hardship - Rural Poor,57.58,99.0,63981,2.522,4.890662375935646,-0.5395718960998024,1.0222569425547985,-0.1126965327105935,0.1701919910880753
Barton,Orleans,1,High Hardship - Rural Poor,57.41,162.0,63981,2.511,4.655967657623328,-0.3622349064490273,0.6447067769127004,-0.2297946631220382,-0.1949534918468144
Tinmouth,Rutland,1,High Hardship - Rural Poor,54.29,70.0,62641,2.452,4.210705695166889,-0.6172031637161605,0.5644901956670675,-0.3674578815097389,-0.025700132091798
West Charleston,Orleans,1,High Hardship - Rural Poor,56.41,117.0,63981,2.445,4.648403562850235,-0.5269327057042734,0.8290434289059997,-0.1663226655041186,0.0776318763302434
Saint Johnsbury,Caledonia,1,High Hardship - Rural Poor,52.42,702.0,62964,2.292,3.6942644379615888,0.5240202799688249,-0.7192682656420237,0.7520588634179034,-2.1103642577210797
Irasburg,Orleans,1,High Hardship - Rural Poor,53.72,121.0,63981,2.266,4.16994477809233,-0.5904275396263498,0.5081911072770222,-0.2937627433448874,0.0267383930596478
Pownal,Bennington,1,High Hardship - Rural Poor,59.04,271.0,68558,2.115,4.62085365587802,-0.015116283987875,0.5084635453673534,-0.1176631589237821,-1.152755555581071
Danby,Rutland,1,High Hardship - Rural Poor,48.68,76.0,62641,2.08,3.1756071925142404,-0.7391912894688558,-0.1881539958132767,-0.7042342001093337,-0.1769494240233425
Bellows Falls,Windham,1,High Hardship - Rural Poor,52.65,754.0,65473,2.031,3.3968008180292695,2.642482534617802,-0.7346171042440165,-0.6362564055583629,-1.5171173684100432
Orleans,Orleans,1,High Hardship - Rural Poor,47.78,517.0,63981,1.872,3.269042420520147,3.345582048675938,-1.2162527955988207,1.526160163751758,3.2556351382052258
West Halifax,Windham,1,High Hardship - Rural Poor,50.0,62.0,65473,1.856,3.8575903332895383,-0.8747455338037975,0.1259020445485776,-0.3034754166786735,-0.2965851289857459
Derby Line,Orleans,1,High Hardship - Rural Poor,46.77,496.0,63981,1.805,2.9116474486803496,-0.1028496387299044,-0.0064634405064274,0.5786078987068474,-0.7863123660743612
Lyndonville,Caledonia,1,High Hardship - Rural Poor,44.91,501.0,62964,1.794,2.6270568729495016,-0.1188896553691899,-1.2789451667772365,0.0949652913175175,-1.5481276555346568
Sheffield,Caledonia,1,High Hardship - Rural Poor,44.85,136.0,62964,1.79,2.8766403832917025,-0.8519104688348523,-1.1205730675642378,-0.743523593910485,-0.5830852075592268
West Pawlet,Rutland,1,High Hardship - Rural Poor,43.48,138.0,62641,1.735,2.458666106459424,-0.8385824459881082,-0.3269698663718656,-0.4376497927428069,-0.1176881648974685
Saxtons River,Windham,1,High Hardship - Rural Poor,47.37,76.0,65473,1.681,3.1461304007738495,-0.8327631925257911,-0.6828256251246861,-0.7825961043216961,-0.6661902226235589
Sutton,Caledonia,1,High Hardship - Rural Poor,42.48,113.0,62964,1.633,2.55441222274221,-0.9897838205931184,-1.2240265090663038,-0.7875774696380189,-0.457523704028859
Grafton,Windham,1,High Hardship - Rural Poor,45.65,46.0,65473,1.567,2.9941909210694453,-0.9836626231048374,-0.6054423787509569,-0.7330173701253099,-0.4533173143139969
Richford,Franklin,1,High Hardship - Rural Poor,59.0,639.0,73633,1.554,3.6048921785627734,2.9503645519026604,1.233515608025236,-0.2860483592716207,-0.1792831411925171
Jay,Orleans,1,High Hardship - Rural Poor,42.5,80.0,63981,1.522,2.587560142924657,-1.0989153636066826,-0.0428210514425929,-0.3729662569283776,0.4197952193694044
Glover,Orleans,1,High Hardship - Rural Poor,42.06,107.0,63981,1.493,2.6285130078915415,-1.103465309625106,0.1738983561939254,-0.1179594278173277,0.5085530711884682
Wilmington,Windham,1,High Hardship - Rural Poor,43.09,181.0,65473,1.397,2.482671660998596,-0.7942337045609085,-0.8934559901384852,-0.4949407600626621,-0.8031439307661661
Manchester Center,Bennington,1,High Hardship - Rural Poor,41.33,392.0,68558,0.941,1.9381215423773144,-0.426811010525539,-0.5550410438314289,0.0980291336580291,-1.0893361593923403
Alburg,Grand Isle,1,High Hardship - Rural Poor,67.53,194.0,86639,0.688,4.074744180812517,0.6053025149266745,5.133746479027042,0.5574218076567714,-0.2235816862375429
Canaan,Essex,2,Elevated Hardship - Small Towns,31.36,169.0,55247,1.745,1.881368144075775,-2.243144938640216,-3.7531548836003505,3.406238513009426,-1.3911266410236152
Brandon,Rutland,2,Elevated Hardship - Small Towns,41.2,966.0,62641,1.584,1.525220685731932,2.5171088492450813,-1.7135852936109142,0.9215898198779096,0.4258108669668739
Barnet,Caledonia,2,Elevated Hardship - Small Towns,39.26,135.0,62964,1.419,2.2203852530611807,-1.117921229253287,-1.1014340780207978,-0.5057372456791329,-0.2580096419429663
Wells,Rutland,2,Elevated Hardship - Small Towns,38.1,84.0,62641,1.379,1.6740044247852182,-1.134493062674941,-0.6774980247232193,-0.632056833339272,0.1015941443144389
Proctor,Rutland,2,Elevated Hardship - Small Towns,37.5,280.0,62641,1.339,1.4031869527271237,1.9681031659461068,-1.7366049141468558,0.6292501195093612,2.49332581037821
Walden,Caledonia,2,Elevated Hardship - Small Towns,37.84,74.0,62964,1.325,1.9399051343855744,-1.2547217281121297,-1.386852144554206,-0.8275241366149656,-0.2025377520113037
Middletown Springs,Rutland,2,Elevated Hardship - Small Towns,36.99,73.0,62641,1.305,1.5118529618807504,-1.1947848489642114,-0.7510910296672622,-0.6730332646304974,0.1453877756989622
Pittsford,Rutland,2,Elevated Hardship - Small Towns,35.56,180.0,62641,1.21,1.1484624042077225,-1.0049300945222,-1.0436264270945983,-0.5586403993856638,-0.2045069692952821
Cuttingsville,Rutland,2,Elevated Hardship - Small Towns,35.14,74.0,62641,1.182,1.3688529133715046,-1.30790840971738,-0.5866327488064434,-0.4685623945496553,0.3450391889778783
Putney,Windham,2,Elevated Hardship - Small Towns,39.56,182.0,65473,1.163,1.9538165683555249,-0.9184171601221732,-1.1180561037077774,-0.522851177204662,-0.7433923237159998
Poultney,Rutland,2,Elevated Hardship - Small Towns,34.6,500.0,62641,1.146,0.8859339316998445,0.9207406283098616,-1.3955519360118698,0.1388123642996182,0.4194281154829025
Whitingham,Windham,2,Elevated Hardship - Small Towns,38.34,193.0,65473,1.082,1.7619651995832808,-0.729495044588876,-1.240733308292666,0.2887240005278189,-0.6231393087697934
Castleton,Rutland,2,Elevated Hardship - Small Towns,33.47,251.0,62641,1.072,0.9085435241027738,-0.9807182141683256,-0.9538105670038596,-0.2180402398150535,-0.2034262062841165
North Clarendon,Rutland,2,Elevated Hardship - Small Towns,33.08,532.0,62641,1.046,0.7267313567259441,1.5295114877996103,-1.7671748009443655,0.4580592275696604,1.1727671748451445
West Rutland,Rutland,2,Elevated Hardship - Small Towns,30.98,326.0,62641,0.906,0.5318545379738139,-1.6185865181621393,-1.716002750933824,4.084040843809114,-1.2830154923972676
Hardwick,Caledonia,2,Elevated Hardship - Small Towns,31.18,542.0,62964,0.884,0.6012919454069772,0.5525844972199078,-2.329867196021691,-0.2083157472616856,-0.2787161038915719
Fair Haven,Rutland,2,Elevated Hardship - Small Towns,30.5,800.0,62641,0.875,0.2743619917148719,2.078727424135967,-2.060201825217365,0.9927532769274288,1.3027428330804525
Mount Holly,Rutland,2,Elevated Hardship - Small Towns,29.52,105.0,62641,0.81,0.3625048059534281,-1.396569744133892,-1.2533631386419384,-0.6730710792355505,0.1859955939177808
Vernon,Windham,2,Elevated Hardship - Small Towns,31.89,185.0,65473,0.655,0.7408789130231945,-1.16655000700886,-1.7317865873007987,-0.6769483250835584,-0.6891401374429921
Shaftsbury,Bennington,2,Elevated Hardship - Small Towns,36.73,245.0,68558,0.636,1.348870384446916,-0.8851505626251188,-0.789037997722871,-0.2837415471565995,-0.6232813472436257
Marlboro,Windham,2,Elevated Hardship - Small Towns,31.46,89.0,65473,0.626,0.8115184040224026,-1.3974081680641002,-1.5785953764766625,-0.7951765766204462,-0.3459768539300005
Jamaica,Windham,2,Elevated Hardship - Small Towns,30.77,26.0,65473,0.581,0.6587182886560746,-1.515741712830918,-1.787740096792741,-1.0940627714670537,-0.2822877439409306
West Burke,Caledonia,2,Elevated Hardship - Small Towns,24.87,189.0,62964,0.465,-0.1090203322404263,-1.4785706742394649,-2.317277357859612,-0.7174379817963035,-0.3104273407653276
Arlington,Bennington,2,Elevated Hardship - Small Towns,33.95,489.0,68558,0.451,0.7070807611781705,1.201209013699147,-1.292359017667736,-0.928457673762608,-0.27588258163783
Newark,Caledonia,2,Elevated Hardship - Small Towns,24.64,69.0,62964,0.45,-0.0401314641274992,-1.735863733407261,-2.234927569872862,-0.9601928351534162,0.0381452966977454
Wardsboro,Windham,2,Elevated Hardship - Small Towns,28.57,49.0,65473,0.435,0.4915696188020693,-1.6110534559479843,-1.5690547824684649,-0.7765388145759486,-0.0841774637275615
Readsboro,Bennington,2,Elevated Hardship - Small Towns,33.33,39.0,68558,0.41,0.9248462024195832,-1.399615986698095,-1.0348178591938817,-0.878282733084817,-0.0903755856660326
Danville,Caledonia,2,Elevated Hardship - Small Towns,23.43,350.0,62964,0.37,-0.2466812768240184,-1.9570597105574363,-2.755949718187908,4.01823172377967,-1.4593878674032252
Greensboro,Orleans,2,Elevated Hardship - Small Towns,24.39,41.0,63981,0.322,-0.2503963862638207,-1.772910087498274,-1.4896260000211956,-0.8575060548885362,0.6575321109232662
Londonderry,Windham,2,Elevated Hardship - Small Towns,26.62,308.0,65473,0.305,-0.0403990134090978,-1.1429037639454342,-1.923172583440686,-0.2869688600965112,-0.8021449759133041
Newfane,Windham,2,Elevated Hardship - Small Towns,25.74,101.0,65473,0.247,-0.069362888736116,-1.5751619113182704,-1.9735763748381316,-0.8353999642776765,-0.2903340008231163
East Dover,Windham,2,Elevated Hardship - Small Towns,23.33,90.0,65473,0.087,-0.4869960543394673,-1.6609437801467255,-2.2546357841833196,-0.9833512322960866,-0.297782356102815
Guilford,Windham,2,Elevated Hardship - Small Towns,22.7,141.0,65473,0.045,-0.5947727473848494,-1.5884025550966872,-2.272732041674562,-0.8378176531266327,-0.3953434673546179
Waterford,Caledonia,2,Elevated Hardship - Small Towns,18.18,154.0,62964,0.022,-0.9974490762392826,-1.8200106714843545,-2.542018301324237,-0.712411794450554,0.0112649505104961
Chittenden,Rutland,2,Elevated Hardship - Small Towns,17.2,186.0,62641,-0.007,-1.56545424659024,-1.6666944840860245,-2.1241987619572433,-0.6322658581848913,0.1593516596076604
Stramford,Bennington,2,Elevated Hardship - Small Towns,27.03,74.0,68558,-0.007,-0.0079397813444387,-1.5678356964535636,-1.3768047458039998,-0.7947126220322858,-0.026878531279969
Dorset,Bennington,2,Elevated Hardship - Small Towns,26.79,168.0,68558,-0.023,-0.0982486549463727,-1.3910340403193768,-1.412219339456896,-0.5650464317384293,-0.2589494412440549
Peacham,Caledonia,2,Elevated Hardship - Small Towns,16.67,66.0,62964,-0.078,-1.2094000103347142,-2.033647622151701,-2.6976541645219005,-1.0031843798217062,0.2116666114830783
Townshend,Windham,2,Elevated Hardship - Small Towns,18.73,347.0,65473,-0.218,-1.253299433474126,0.3922779162150872,-3.0072848159122887,-0.2411960644223275,0.627970422910452
Killington,Rutland,2,Elevated Hardship - Small Towns,12.61,111.0,62641,-0.312,-2.190112971064897,-1.9857318407856743,-2.359483801533995,-0.8254427245641258,0.4531500697284026
Rutland Town,Rutland,2,Elevated Hardship - Small Towns,11.39,360.0,62641,-0.392,-2.529488275911929,-1.535937998665368,-2.5117403411202024,-0.2373720643055214,-0.1625172551564919
Craftsbury Common,Orleans,2,Elevated Hardship - Small Towns,13.04,207.0,63981,-0.431,-1.9508070351632787,-2.5707103136182377,-2.712593641254699,3.688136156085206,-0.4195521985646289
Benson,Rutland,2,Elevated Hardship - Small Towns,10.67,75.0,62641,-0.44,-2.4300775113299644,-2.1352717465787494,-2.4171971107327,-0.8868645425270909,0.6117223560976495
East Dummerston,Windham,2,Elevated Hardship - Small Towns,14.81,162.0,65473,-0.478,-1.7677022461600789,-1.8378660000306135,-2.7327758395553516,-0.8176813878145798,-0.2803524910798453
Windham,Windham,2,Elevated Hardship - Small Towns,13.64,22.0,65473,-0.555,-1.8682548876804752,-2.1528756143274763,-2.7922210869654,-1.1847603958184574,0.0828455796888609
Eden,Lamoille,3,Moderate - Mixed Profile,50.39,127.0,69886,1.395,2.645875304266459,-0.4088317473474702,1.9349946373374447,-0.1141230089990442,0.3972301598308186
Bethel,Windsor,3,Moderate - Mixed Profile,49.44,269.0,69492,1.376,2.3518602931552657,2.6382646439487947,0.9360562395916744,0.214087306280602,2.1718094861010377
Johnson,Lamoille,3,Moderate - Mixed Profile,49.31,217.0,69886,1.324,2.4355989224488366,-0.2726718772214339,1.8577282189763031,0.1074627469274323,0.1974567195566129
Chester,Windsor,3,Moderate - Mixed Profile,45.81,596.0,69492,1.136,1.6910082386178993,1.2881198736928523,1.0937253016311252,0.419294713105505,0.1930431851007464
Rochester,Windsor,3,Moderate - Mixed Profile,45.24,84.0,69492,1.098,2.0667034318496125,-0.7329732896626348,1.7186948869203618,-0.1140074846505948,0.698286974704593
Ludlow,Windsor,3,Moderate - Mixed Profile,43.68,87.0,69492,0.995,1.6849140787861303,-0.7299519129106988,1.3124719476399855,-0.3563506320832663,0.5345569406430009
South Royalton,Windsor,3,Moderate - Mixed Profile,43.26,356.0,69492,0.967,1.4962900454210704,0.6507599658084381,1.234657969540807,0.1484832638476524,0.454765271512172
Enosburg Falls,Franklin,3,Moderate - Mixed Profile,48.04,612.0,73633,0.828,2.124938601071111,1.25100682982886,0.9724093617270184,0.3640654790789643,-0.6617161412557518
Proctorsville,Windsor,3,Moderate - Mixed Profile,38.1,84.0,69492,0.625,0.9647802005017828,-0.9765876558814488,1.1961592765809148,-0.2281793539583593,0.7833471443527716
Sharon,Windsor,3,Moderate - Mixed Profile,37.65,170.0,69492,0.595,0.8258251796471532,-0.8176614974323055,1.109708984415393,-0.0492812820828723,0.5530123524302512
Waterville,Lamoille,3,Moderate - Mixed Profile,38.27,81.0,69886,0.592,0.8487763630667197,-0.9302636085721856,1.156436982054623,-0.3451620590110067,0.7165438008447869
Wells River,Orange,3,Moderate - Mixed Profile,44.53,411.0,74534,0.496,1.4873567855631795,-0.7164213780406851,1.0314893636361218,4.666428244127047,-1.5126094936916925
Braintree,Orange,3,Moderate - Mixed Profile,44.44,81.0,74534,0.49,1.628828741873742,-0.6733520654301791,1.687992856615559,-0.2845173190892783,0.2545996269663215
Franklin,Franklin,3,Moderate - Mixed Profile,42.86,140.0,73633,0.484,1.7006984853998794,-0.702684635899835,1.1000351479518145,-0.1451197126823835,-0.1291078006320138
West Fairlee,Orange,3,Moderate - Mixed Profile,44.16,77.0,74534,0.471,1.7087730848043183,-0.7310380385225224,1.9125987380539264,-0.1120879456470861,0.4122556686085433
Stockbridge,Windsor,3,Moderate - Mixed Profile,35.56,45.0,69492,0.456,0.5011551315188864,-1.106145394034751,0.8219779228019493,-0.5167252845891418,0.7936042595552016
Windsor,Windsor,3,Moderate - Mixed Profile,33.28,580.0,69492,0.305,-0.0482316346995179,-0.8560680418024218,0.1145621792682762,5.03141959311641,-1.3591197539013926
Williamstown,Orange,3,Moderate - Mixed Profile,40.23,522.0,74534,0.211,0.596404315635405,0.8961579779543617,0.8966879522018079,0.0844383259749112,-0.2486721822155434
Sheldon,Franklin,3,Moderate - Mixed Profile,38.51,335.0,73633,0.196,0.9124489383069936,-0.4693226274683593,0.7419344452116455,0.2696892090795328,-0.5634751105484299
Hartland,Windsor,3,Moderate - Mixed Profile,31.32,281.0,69492,0.175,-0.1122021427552691,-0.8523266214325383,0.8393078688329181,0.2903953735982107,0.4794917687197921
Swanton,Franklin,3,Moderate - Mixed Profile,38.07,1400.0,73633,0.167,0.3144803384189081,1.9593656880901489,0.1606126344259667,1.2608957080924512,-1.5952804510476812
Hyde Park,Lamoille,3,Moderate - Mixed Profile,31.63,939.0,69886,0.152,-0.7149252421697406,2.4496653511373583,0.2770249253320665,-0.0923825870355809,0.0490877187247401
Orford,Windsor,3,Moderate - Mixed Profile,30.34,234.0,69492,0.11,-0.3260070208802113,-0.7349201359547723,0.5499698139561339,0.8105240806575996,0.6239491135102272
Montgomery Center,Franklin,3,Moderate - Mixed Profile,37.09,151.0,73633,0.102,0.8265522772824573,-0.8876940722819006,0.7269057428676302,-0.1697342046636388,-0.0560445588207568
East Corinth,Orange,3,Moderate - Mixed Profile,38.02,263.0,74534,0.064,0.5414486949857058,-0.5391066870352844,1.2038061586206263,0.0816644473735614,-0.1101068575716659
Bakersfield,Franklin,3,Moderate - Mixed Profile,36.11,144.0,73633,0.037,0.6950053867056455,-0.9408825239442968,0.6901607415601886,-0.1767146387857477,-0.0065395561399687
Cabot,Washington,3,Moderate - Mixed Profile,42.07,164.0,77278,0.031,1.1970558357871235,-1.2687273440890188,1.19136110588614,4.155007918839878,-1.0222904800968358
Newbury,Orange,3,Moderate - Mixed Profile,37.5,96.0,74534,0.03,0.5974385731221397,-0.8976730537412507,1.2771580292903018,-0.2813382496206825,0.359465401572668
Washington,Orange,3,Moderate - Mixed Profile,37.29,118.0,74534,0.016,0.4625382664092288,-0.8300744852731824,1.0720596029765812,-0.3726997245252506,0.1963613304307043
Chelsea,Orange,3,Moderate - Mixed Profile,37.23,94.0,74534,0.012,0.4579440012074319,-0.6231078713347762,1.3893523318925949,-0.268893131698438,-0.1848306249843989
Lake Elmore,Lamoille,3,Moderate - Mixed Profile,29.41,17.0,69886,0.004,-0.3663239097162486,-1.4011105834149475,0.7648619393831908,-0.4568310351292349,1.1291267695462626
Ascutney,Windsor,3,Moderate - Mixed Profile,28.63,262.0,69492,-0.003,-0.5312301243882306,-0.9767910094661902,0.6168284229561384,0.1779311722561223,0.5418870692655463
Winooski,Chittenden,3,Moderate - Mixed Profile,60.1,787.0,89494,-0.119,2.058835969667613,4.325986797437853,3.0679902812960633,0.0325195776664861,-1.1569235495313417
Bradford,Orange,3,Moderate - Mixed Profile,34.3,589.0,74534,-0.182,-0.1745239620806928,0.773734647159986,0.7992590439962394,0.386208734277411,0.0178138646899636
North Hero,Grand Isle,3,Moderate - Mixed Profile,54.0,50.0,86639,-0.209,2.148185367663551,-0.1674001069768378,4.335301710465335,0.1095328068649081,0.3952197136664838
Highgate Center,Franklin,3,Moderate - Mixed Profile,31.87,273.0,73633,-0.245,-0.0729679321554062,-0.8189310505658969,0.2757728824926451,0.0153436966925391,-0.3250404377644294
Berlin,Washington,3,Moderate - Mixed Profile,35.57,194.0,77278,-0.4,0.0795425366012118,-0.7177382160850929,1.1870599856235862,-0.0966597594362411,-0.1488305046312123
East Barre,Washington,3,Moderate - Mixed Profile,35.06,77.0,77278,-0.434,-0.1245606541400381,-0.6431464981473834,1.107119080116646,-0.5257420023808872,-0.52130985314971
Salisbury,Addison,3,Moderate - Mixed Profile,47.69,65.0,85870,-0.543,1.2036785444829337,-0.3632603087734606,3.9665111193117326,0.1237571986295367,0.5226546087633999
Roxbury,Washington,3,Moderate - Mixed Profile,33.33,51.0,77278,-0.549,-0.1639386275871811,-1.08357853462238,1.0956962283080822,-0.4525761061910873,0.2626256707592201
Plainfield,Washington,3,Moderate - Mixed Profile,33.09,414.0,77278,-0.565,-0.4852746126690924,1.9469300412103503,-0.7431492251761159,4.945598560273058,2.4464397978657275
Randolph,Orange,3,Moderate - Mixed Profile,28.1,701.0,74534,-0.593,-1.1778969948153086,1.027429015401088,0.1777119717840728,0.5524705077847234,0.2954104823356586
Tunbridge,Orange,3,Moderate - Mixed Profile,27.52,149.0,74534,-0.632,-0.9542352471216846,-1.14323739419886,0.5825040431897217,-0.2727666299639658,0.3749646862995705
Waitsfield,Washington,3,Moderate - Mixed Profile,29.76,168.0,77278,-0.785,-0.8028981752056663,-0.9673186615014396,0.7666879425179384,-0.2540753055221932,-0.0144818230598067
Whiting,Addison,3,Moderate - Mixed Profile,42.71,96.0,85870,-0.873,0.2716695348011511,-0.422788175867911,3.299537515964176,-0.1061431199969329,0.3287073753606869
Vergennes,Addison,3,Moderate - Mixed Profile,30.65,695.0,85870,-1.672,-1.7848463800286285,1.0594718972234234,2.3809026827282658,0.7274153014503448,0.079403575093172
Orwell,Addison,3,Moderate - Mixed Profile,30.0,140.0,85870,-1.716,-1.5224454012316773,-0.8395514170322242,2.764069326558244,0.1108691312574161,0.6119292143773055
Rutland,Rutland,4,Lower Hardship - Urban Centers,43.8,1959.0,62641,1.757,1.580101155841281,7.255424755462542,-2.1280358719345287,-0.5200427315915387,0.9884869857302466
Bennington,Bennington,4,Lower Hardship - Urban Centers,50.17,2354.0,68558,1.527,2.226408803216587,8.740967975516247,-1.9307241173442136,-1.0003169891688524,0.6225122522467884
Springfield,Windsor,4,Lower Hardship - Urban Centers,50.53,1219.0,69492,1.449,1.997190370476854,4.4190809066877526,1.010345721544271,-0.6039071968467322,-0.2574111963913103
Brattleboro,Windham,4,Lower Hardship - Urban Centers,42.34,1854.0,65473,1.348,1.606801491033912,8.447696844608016,-3.252282463595209,0.110019530285263,2.51072233449651
White River Junction,Windsor,4,Lower Hardship - Urban Centers,29.78,1256.0,69492,0.073,-0.9789159370288166,4.674693136161638,-0.5525904785742802,-0.1841500072232396,1.3651631019560035
Morrisville,Lamoille,4,Lower Hardship - Urban Centers,28.05,795.0,69886,-0.086,-1.2422495269499247,3.0106453421474058,-0.3470921755817408,0.1220922326425583,1.3074255056276616
Saint Albans,Franklin,4,Lower Hardship - Urban Centers,28.72,3029.0,73633,-0.453,-1.17617615496902,8.946275380589235,-2.7295595480667045,2.4164654350751595,3.622781599154417
Burlington,Chittenden,4,Lower Hardship - Urban Centers,48.29,3473.0,89494,-0.902,-0.7480614773189177,12.312313712008574,1.508671083589331,-2.738845374347001,-1.5788292570178144
Barre,Washington,4,Lower Hardship - Urban Centers,26.38,2199.0,77278,-1.01,-2.085910230811466,5.0149211235598745,-1.0280516299699474,1.5437192078595698,0.6128769604765024
Montpelier,Washington,4,Lower Hardship - Urban Centers,20.11,1885.0,77278,-1.425,-3.2190362879458134,4.42034500360214,-0.8905046236793545,0.3437900878207094,-0.710072814426047
Middlebury,Addison,4,Lower Hardship - Urban Centers,21.26,1430.0,85870,-2.295,-3.7923827625057074,4.039475967303581,1.1949834339468477,-0.2468829710844122,0.2654034399678411
Milton,Chittenden,4,Lower Hardship - Urban Centers,25.98,1459.0,89494,-2.381,-3.3121648606458263,3.418821188082285,1.0702548723542151,0.3165862931635528,-1.535085899229051
Colchester,Chittenden,4,Lower Hardship - Urban Centers,23.45,2414.0,89494,-2.549,-4.022043242402372,5.910249515325475,0.5978174938343014,-0.8097572454914674,-1.6321904175979745
South Burlington,Chittenden,4,Lower Hardship - Urban Centers,16.44,2700.0,89494,-3.014,-5.119948529134428,5.221770682269338,0.3743854883302239,-1.0598788865731033,-2.6075626923305566
Essex Junction,Chittenden,4,Lower Hardship - Urban Centers,16.38,3541.0,89494,-3.018,-5.525495494759474,8.945322258277846,0.1053562826098904,-2.910943673879733,-2.8826042801823157
Wolcott,Lamoille,5,Low Hardship - Affluent Areas,20.66,121.0,69886,-0.576,-1.800169567979962,-1.4876010377923583,0.0572781344282519,-0.3743520490584915,0.9458863271668122
Quechee,Windsor,5,Low Hardship - Affluent Areas,18.72,203.0,69492,-0.66,-2.0480667685371596,-1.4244607479702984,-0.1381904080620648,-0.1582932259392834,0.7833922224610571
Fairlee,Orange,5,Low Hardship - Affluent Areas,25.86,116.0,74534,-0.742,-1.1352200903241736,-1.2828740012269533,0.5795138349323549,-0.2958258032167535,0.5430164517660322
South Strafford,Orange,5,Low Hardship - Affluent Areas,23.02,126.0,74534,-0.93,-1.6044360618248747,-1.353533443873133,0.3233844955223381,-0.3509514485044031,0.5257073367448214
Cambridge,Lamoille,5,Low Hardship - Affluent Areas,14.17,120.0,69886,-1.006,-2.7096003977410343,-1.744306434331398,-0.2254116187939098,-0.3323361692406882,1.141034165091395
South Pomfret,Windsor,5,Low Hardship - Affluent Areas,13.19,91.0,69492,-1.027,-2.9492845967216077,-1.5398514389319615,-0.4193999619179722,-0.5266304551073553,0.5580422789915473
Brookfield,Orange,5,Low Hardship - Affluent Areas,21.13,71.0,74534,-1.056,-1.8297346838568984,-1.5386004112445006,0.2684811076063074,-0.4617694719626595,0.7290961596526532
Worcester,Washington,5,Low Hardship - Affluent Areas,25.33,75.0,77278,-1.079,-1.4441997084312874,-1.299578172325339,0.4433608199693502,-0.5680777707791281,0.2617540684420357
Waterbury,Washington,5,Low Hardship - Affluent Areas,25.0,400.0,77278,-1.101,-1.6936661792871632,-0.669000889020788,0.3348078920987515,0.217882676747424,-0.5582785604464129
Reading,Windsor,5,Low Hardship - Affluent Areas,11.76,34.0,69492,-1.122,-3.001597240870133,-2.0010827904194635,-0.5692035530929526,-0.6549519489538137,1.3147744686179537
Brownsville,Windsor,5,Low Hardship - Affluent Areas,11.11,63.0,69492,-1.165,-3.0975301498665293,-1.9752105314284112,-0.5750082573518472,-0.5561212386021924,1.2793587761125298
Fairfield,Franklin,5,Low Hardship - Affluent Areas,17.86,252.0,73633,-1.173,-2.207880580769736,-1.3450754794132092,-0.7103234361665325,-0.2330815350044444,-0.0837401424468066
Barnard,Windsor,5,Low Hardship - Affluent Areas,9.72,72.0,69492,-1.257,-3.2526791241307595,-2.02787122134994,-0.5445539362553738,-0.4528641241168202,1.3534940872531194
Woodstock,Windsor,5,Low Hardship - Affluent Areas,9.47,718.0,69492,-1.274,-3.7641879095140736,-0.1249420973892412,-1.0800824373102185,0.1972445320553431,0.3982760387493905
Fairfax,Franklin,5,Low Hardship - Affluent Areas,14.92,1039.0,73633,-1.368,-3.055460250715031,0.5656689312764083,-1.2872942145261042,0.507232975693072,-0.830514965778188
Northfield,Washington,5,Low Hardship - Affluent Areas,20.95,525.0,77278,-1.37,-2.418842182661839,0.227945537522036,-0.172270776971669,-0.0513340591078655,-0.1730256046556549
Moretown,Washington,5,Low Hardship - Affluent Areas,20.53,721.0,77278,-1.397,-2.4092947793840183,1.3196598658941667,-0.471225645120546,0.6460699309616109,0.6245708686619575
Stowe,Lamoille,5,Low Hardship - Affluent Areas,7.72,790.0,69886,-1.434,-4.272450427130371,1.0036157141858346,-1.055578812307656,-0.595107195867738,0.1581488707330476
Norwich,Windsor,5,Low Hardship - Affluent Areas,6.55,351.0,69492,-1.467,-3.994135653051543,-1.5557973526703337,-1.0192777644974285,0.044498036175009,0.5820232646873186
Warren,Washington,5,Low Hardship - Affluent Areas,19.01,142.0,77278,-1.498,-2.3730798028291833,-1.4141309850146122,0.1454516336236082,-0.3657946288207659,0.2760973159149961
Woodbury,Washington,5,Low Hardship - Affluent Areas,18.18,55.0,77278,-1.553,-2.482507778801423,-1.6013326388869251,0.0340285657741537,-0.6476322964026839,0.4622977750903385
Thetford,Orange,5,Low Hardship - Affluent Areas,13.46,208.0,74534,-1.564,-3.1081566220165775,-1.5254320786656144,-0.3523346434637153,-0.2694680638927761,0.4586022465026291
Middlesex,Washington,5,Low Hardship - Affluent Areas,16.53,121.0,77278,-1.663,-2.681297910743767,-1.562864053357614,0.099556019131911,-0.356069691514339,0.4370962381674687
Starksboro,Addison,5,Low Hardship - Affluent Areas,29.25,106.0,85870,-1.765,-1.7222582197069694,-0.8968079605395217,2.5046012508148716,-0.1473447171124103,0.5806614223240579
Bridport,Addison,5,Low Hardship - Affluent Areas,28.57,63.0,85870,-1.81,-1.6535131309611637,-1.0543414031254004,2.7645521675052187,-0.034401581783646,0.8743888301390891
Duxbury,Washington,5,Low Hardship - Affluent Areas,14.24,288.0,77278,-1.815,-3.3241391241881844,-0.9929065364746008,-0.1612395873827591,-0.1036810400653978,-0.6194352263468487
East Montpelier,Washington,5,Low Hardship - Affluent Areas,13.42,231.0,77278,-1.869,-3.262183307011727,-1.4403795139411584,-0.2250733842683215,-0.1904153565063519,0.1547379257007961
Fayston,Washington,5,Low Hardship - Affluent Areas,10.1,99.0,77278,-2.089,-3.692177742002481,-1.814639869073307,-0.4309063410096936,-0.5628303437474564,0.5304361765388786
Lincoln,Addison,5,Low Hardship - Affluent Areas,24.29,70.0,85870,-2.094,-2.243347370981658,-1.214106217389036,2.607625134661001,0.0363645121823449,1.0027187523785477
Ripton,Addison,5,Low Hardship - Affluent Areas,23.91,46.0,85870,-2.119,-2.3731162638748704,-1.244954228810537,2.410340677018861,-0.1629803218969386,0.9636668036765264
Shoreham,Addison,5,Low Hardship - Affluent Areas,23.68,76.0,85870,-2.135,-2.4079992882332126,-1.1996856485648977,2.423793311520793,-0.0646504738290622,0.9126559600716114
Grand Isle,Grand Isle,5,Low Hardship - Affluent Areas,22.86,140.0,86639,-2.274,-2.6776448489202216,-1.0687911746632983,2.1169719107512965,-0.1027909062592443,0.5907455887690171
Monkton,Addison,5,Low Hardship - Affluent Areas,20.8,125.0,85870,-2.326,-2.855498464711127,-1.2117329284111007,2.258718075132198,0.054036217891963,0.8582876830718099
Bristol,Addison,5,Low Hardship - Affluent Areas,20.45,1032.0,85870,-2.349,-3.490593233575536,1.0837083652682686,1.6153649912884107,0.980986357064701,-0.3332394909481194
New Haven,Addison,5,Low Hardship - Affluent Areas,16.67,78.0,85870,-2.599,-3.4456417434688427,-1.451655170635236,2.005952016176264,-0.097849277977914,1.0487633934745475
Ferrisburgh,Addison,5,Low Hardship - Affluent Areas,15.57,244.0,85870,-2.672,-3.78770826661552,-1.136804635294292,1.7367716303483138,0.1768805368396356,0.5543309792856329
Jeffersonville,Chittenden,5,Low Hardship - Affluent Areas,21.13,336.0,89494,-2.703,-3.3167840041609704,-0.6137554182278779,1.4908675176159674,0.1655769318919239,-0.9098109178903232
Bolton,Chittenden,5,Low Hardship - Affluent Areas,20.73,82.0,89494,-2.729,-3.1984268096974886,-1.1371028135115688,1.577204533278914,-0.4213030400406354,-0.2318602755113666
Cornwall,Addison,5,Low Hardship - Affluent Areas,12.9,93.0,85870,-2.849,-4.106981915404113,-1.527212160830905,1.5840679017606514,-0.2303372975142721,0.9716125237470432
South Hero,Grand Isle,5,Low Hardship - Affluent Areas,12.77,141.0,86639,-2.943,-4.146922723067805,-1.4440054725894087,1.5659612397816576,-0.1165220763426925,0.8215188688602685
Hinesburg,Chittenden,5,Low Hardship - Affluent Areas,16.6,1831.0,89494,-3.003,-4.62834382837995,2.803151404239736,0.341815577176551,1.9003011823170732,-1.8271791101983772
Williston,Chittenden,5,Low Hardship - Affluent Areas,15.29,942.0,89494,-3.09,-4.608096356000762,0.3895206774907527,0.8681339391565172,1.518937847780366,-2.3984705867480516
Shelburne,Chittenden,5,Low Hardship - Affluent Areas,13.72,736.0,89494,-3.194,-4.71871197393754,-0.0735029038075201,0.8202842337316405,1.0030028443119086,-1.849049384874292
Westford,Chittenden,5,Low Hardship - Affluent Areas,13.43,201.0,89494,-3.213,-4.347659385850689,-1.1699989109392417,1.1187457148821665,-0.1657007015211513,-0.382186446450026
Huntington,Chittenden,5,Low Hardship - Affluent Areas,12.93,116.0,89494,-3.246,-4.326969780009068,-1.371004048607132,1.198952555357443,-0.3077848420092986,-0.1042144122798785
Richmond,Chittenden,5,Low Hardship - Affluent Areas,9.75,677.0,89494,-3.457,-5.3016031977084115,0.3370112173209169,0.7436416412120231,-0.5635643005163256,-1.4844865601071475
Underhill Center,Chittenden,5,Low Hardship - Affluent Areas,8.0,200.0,89494,-3.573,-5.196242901165747,-1.353580530744539,0.6993006370389895,-0.2720177216400306,-0.328112474980354
Jericho,Chittenden,5,Low Hardship - Affluent Areas,6.06,1534.0,89494,-3.702,-6.27021871857876,2.407777352434063,-0.0025176642024346,0.0460318594377474,-1.7389937064927858
Charlotte,Chittenden,5,Low Hardship - Affluent Areas,3.96,707.0,89494,-3.841,-6.146098910745606,-0.485092835415825,0.239609382329313,0.873180719937502,-1.5841866205356054
