town,county,total_enrollment,num_schools,single_school_town,avg_school_enrollment,enrollment_category,num_elementary,num_middle,num_high,num_combined,weighted_frpl_rate,free_lunch_rate,reduced_lunch_rate,elementary_frpl_rate,middle_frpl_rate,high_frpl_rate,school_frpl_variance,school_frpl_range,min_school_frpl_rate,max_school_frpl_rate,county_poverty_rate,county_median_income,county_snap_rate,frpl_vs_county_poverty,frpl_above_county_avg,county_income_zscore,frpl_zscore,hardship_score,high_frpl_flag,very_high_frpl_flag,low_confidence_flag
Albany,Orleans,99.0,1,1,99.0,small,1,0,0,0,57.58,37.37,20.2,57.57575757575758,,,0.0,0.0,57.6,57.6,9.8,63981,13.7,47.78,1,-0.873,1.649,2.522,1,0,0
Alburg,Grand Isle,194.0,1,1,194.0,small,1,0,0,0,67.53,53.09,14.43,67.5257731958763,,,0.0,0.0,67.5,67.5,7.4,86639,9.7,60.13,1,1.621,2.309,0.688,1,0,0
Arlington,Bennington,489.0,3,0,163.0,medium,2,0,1,0,33.95,25.56,8.38,32.52595155709342,,36.0,4.09,3.6,32.4,36.0,11.2,68558,14.9,22.75,1,-0.369,0.082,0.451,0,0,0
Ascutney,Windsor,262.0,1,1,262.0,medium,1,0,0,0,28.63,18.32,10.31,28.62595419847328,,,0.0,0.0,28.6,28.6,8.7,69492,9.0,19.93,1,-0.267,-0.27,-0.003,0,0,0
Bakersfield,Franklin,144.0,1,1,144.0,small,1,0,0,0,36.11,22.92,13.19,36.11111111111111,,,0.0,0.0,36.1,36.1,10.4,73633,11.6,25.71,1,0.189,0.226,0.037,0,0,0
Barnard,Windsor,72.0,1,1,72.0,small,1,0,0,0,9.72,4.17,5.56,9.722222222222223,,,0.0,0.0,9.7,9.7,8.7,69492,9.0,1.02,1,-0.267,-1.524,-1.257,0,0,0
Barnet,Caledonia,135.0,1,1,135.0,small,1,0,0,0,39.26,27.41,11.85,39.25925925925926,,,0.0,0.0,39.3,39.3,11.8,62964,14.1,27.46,1,-0.985,0.434,1.419,0,0,0
Barre,Washington,2199.0,3,0,733.0,very_large,2,0,1,0,26.38,24.06,2.32,28.59848484848485,,20.650406504065042,123.34,20.2,18.6,38.8,9.9,77278,10.3,16.48,1,0.59,-0.42,-1.01,0,0,0
Barton,Orleans,162.0,1,1,162.0,small,1,0,0,0,57.41,48.77,8.64,57.407407407407405,,,0.0,0.0,57.4,57.4,9.8,63981,13.7,47.61,1,-0.873,1.638,2.511,1,0,0
Bellows Falls,Windham,754.0,3,0,251.33,large,1,1,1,0,52.65,42.57,10.08,54.63917525773196,55.371900826446286,49.37106918238994,10.61,6.0,49.4,55.4,12.6,65473,13.5,40.05,1,-0.709,1.322,2.031,1,0,0
Bennington,Bennington,2354.0,6,0,392.33,very_large,4,1,1,0,50.17,44.86,5.31,58.05739514348785,52.87356321839081,40.92872570194385,141.16,30.8,34.9,65.7,11.2,68558,14.9,38.97,1,-0.369,1.158,1.527,1,0,0
Benson,Rutland,75.0,1,1,75.0,small,1,0,0,0,10.67,9.33,1.33,10.666666666666668,,,0.0,0.0,10.7,10.7,11.4,62641,10.6,-0.73,0,-1.021,-1.461,-0.44,0,0,0
Berlin,Washington,194.0,1,1,194.0,small,1,0,0,0,35.57,28.87,6.7,35.56701030927835,,,0.0,0.0,35.6,35.6,9.9,77278,10.3,25.67,1,0.59,0.19,-0.4,0,0,0
Bethel,Windsor,269.0,2,0,134.5,medium,1,1,0,0,49.44,43.87,5.58,41.48148148148148,57.46268656716418,,128.0,16.0,41.5,57.5,8.7,69492,9.0,40.74,1,-0.267,1.109,1.376,0,0,0
Bolton,Chittenden,82.0,1,1,82.0,small,1,0,0,0,20.73,17.07,3.66,20.73170731707317,,,0.0,0.0,20.7,20.7,11.2,89494,7.6,9.53,1,1.935,-0.794,-2.729,0,0,0
Bradford,Orange,589.0,2,0,294.5,large,1,0,1,0,34.3,24.11,10.19,32.9059829059829,,35.2112676056338,2.65,2.3,32.9,35.2,9.2,74534,10.2,25.1,1,0.288,0.106,-0.182,0,0,0
Braintree,Orange,81.0,1,1,81.0,small,1,0,0,0,44.44,38.27,6.17,44.44444444444444,,,0.0,0.0,44.4,44.4,9.2,74534,10.2,35.24,1,0.288,0.778,0.49,0,0,0
Brandon,Rutland,966.0,2,0,483.0,large,1,0,1,0,41.2,41.1,0.1,34.31818181818182,,46.958174904942965,80.65,12.7,34.3,47.0,11.4,62641,10.6,29.8,1,-1.021,0.563,1.584,0,0,0
Brattleboro,Windham,1854.0,5,0,370.8,very_large,3,1,1,0,42.34,36.62,5.72,57.125748502994014,37.786259541984734,27.60898282694848,244.98,37.7,27.6,65.3,12.6,65473,13.5,29.74,1,-0.709,0.639,1.348,0,0,0
Bridport,Addison,63.0,1,1,63.0,small,1,0,0,0,28.57,19.05,9.52,28.57142857142857,,,0.0,0.0,28.6,28.6,7.5,85870,9.0,21.07,1,1.536,-0.274,-1.81,0,0,0
Bristol,Addison,1032.0,2,0,516.0,very_large,1,0,1,0,20.45,16.09,4.36,19.464720194647203,,21.09500805152979,1.28,1.6,19.5,21.1,7.5,85870,9.0,12.95,1,1.536,-0.813,-2.349,0,0,0
Brookfield,Orange,71.0,1,1,71.0,small,1,0,0,0,21.13,16.9,4.23,21.12676056338028,,,0.0,0.0,21.1,21.1,9.2,74534,10.2,11.93,1,0.288,-0.768,-1.056,0,0,0
Brownington,Orleans,107.0,1,1,107.0,small,1,0,0,0,60.75,46.73,14.02,60.747663551401864,,,0.0,0.0,60.7,60.7,9.8,63981,13.7,50.95,1,-0.873,1.859,2.732,1,0,0
Brownsville,Windsor,63.0,1,1,63.0,small,1,0,0,0,11.11,9.52,1.59,11.11111111111111,,,0.0,0.0,11.1,11.1,8.7,69492,9.0,2.41,1,-0.267,-1.432,-1.165,0,0,0
Burlington,Chittenden,3473.0,9,0,385.89,very_large,6,2,1,0,48.29,38.99,9.3,48.15022421524663,49.43019943019943,47.72036474164133,84.77,28.7,36.7,65.4,11.2,89494,7.6,37.09,1,1.935,1.033,-0.902,0,0,0
Cabot,Washington,164.0,1,1,164.0,small,0,0,0,1,42.07,32.32,9.76,,,,0.0,0.0,42.1,42.1,9.9,77278,10.3,32.17,1,0.59,0.621,0.031,0,0,0
Cambridge,Lamoille,120.0,1,1,120.0,small,1,0,0,0,14.17,10.0,4.17,14.166666666666666,,,0.0,0.0,14.2,14.2,8.6,69886,8.7,5.57,1,-0.223,-1.229,-1.006,0,0,0
Canaan,Essex,169.0,1,1,169.0,small,0,0,0,1,31.36,23.67,7.69,,,,0.0,0.0,31.4,31.4,13.2,55247,16.2,18.16,1,-1.834,-0.089,1.745,0,0,0
Castleton,Rutland,251.0,1,1,251.0,medium,1,0,0,0,33.47,25.1,8.37,33.46613545816733,,,0.0,0.0,33.5,33.5,11.4,62641,10.6,22.07,1,-1.021,0.051,1.072,0,0,0
Charlotte,Chittenden,707.0,1,1,707.0,large,1,0,0,0,3.96,2.69,1.27,3.9603960396039604,,,0.0,0.0,4.0,4.0,11.2,89494,7.6,-7.24,0,1.935,-1.906,-3.841,0,0,0
Chelsea,Orange,94.0,1,1,94.0,small,0,1,0,0,37.23,29.79,7.45,,37.234042553191486,,0.0,0.0,37.2,37.2,9.2,74534,10.2,28.03,1,0.288,0.3,0.012,0,0,0
Chester,Windsor,596.0,2,0,298.0,large,1,0,1,0,45.81,40.6,5.2,43.7037037037037,,47.54601226993865,7.22,3.8,43.7,47.5,8.7,69492,9.0,37.11,1,-0.267,0.869,1.136,0,0,0
Chittenden,Rutland,186.0,1,1,186.0,small,1,0,0,0,17.2,17.2,0.0,17.20430107526882,,,0.0,0.0,17.2,17.2,11.4,62641,10.6,5.8,1,-1.021,-1.028,-0.007,0,0,0
Colchester,Chittenden,2414.0,5,0,482.8,very_large,3,1,1,0,23.45,19.18,4.27,22.9933110367893,26.961770623742453,21.7753120665742,31.74,13.7,15.1,28.8,11.2,89494,7.6,12.25,1,1.935,-0.614,-2.549,0,0,0
Concord,Essex,156.0,1,1,156.0,small,1,0,0,0,50.0,50.0,0.0,50.0,,,0.0,0.0,50.0,50.0,13.2,55247,16.2,36.8,1,-1.834,1.147,2.981,0,0,0
Cornwall,Addison,93.0,1,1,93.0,small,1,0,0,0,12.9,11.83,1.08,12.903225806451612,,,0.0,0.0,12.9,12.9,7.5,85870,9.0,5.4,1,1.536,-1.313,-2.849,0,0,0
Coventry,Orleans,122.0,1,1,122.0,small,1,0,0,0,61.48,47.54,13.93,61.47540983606557,,,0.0,0.0,61.5,61.5,9.8,63981,13.7,51.68,1,-0.873,1.908,2.781,1,0,0
Craftsbury Common,Orleans,207.0,1,1,207.0,medium,0,0,0,1,13.04,13.04,0.0,,,,0.0,0.0,13.0,13.0,9.8,63981,13.7,3.24,1,-0.873,-1.304,-0.431,0,0,0
Cuttingsville,Rutland,74.0,1,1,74.0,small,1,0,0,0,35.14,20.27,14.86,35.13513513513514,,,0.0,0.0,35.1,35.1,11.4,62641,10.6,23.74,1,-1.021,0.161,1.182,0,0,0
Danby,Rutland,76.0,1,1,76.0,small,1,0,0,0,48.68,47.37,1.32,48.68421052631579,,,0.0,0.0,48.7,48.7,11.4,62641,10.6,37.28,1,-1.021,1.059,2.08,0,0,0
Danville,Caledonia,350.0,1,1,350.0,medium,0,0,0,1,23.43,16.57,6.86,,,,0.0,0.0,23.4,23.4,11.8,62964,14.1,11.63,1,-0.985,-0.615,0.37,0,0,0
Derby,Orleans,263.0,1,1,263.0,medium,0,1,0,0,62.74,54.75,7.98,,62.737642585551335,,0.0,0.0,62.7,62.7,9.8,63981,13.7,52.94,1,-0.873,1.991,2.864,1,0,0
Derby Line,Orleans,496.0,1,1,496.0,medium,1,0,0,0,46.77,33.87,12.9,46.774193548387096,,,0.0,0.0,46.8,46.8,9.8,63981,13.7,36.97,1,-0.873,0.932,1.805,0,0,0
Dorset,Bennington,168.0,1,1,168.0,small,1,0,0,0,26.79,22.02,4.76,26.785714285714285,,,0.0,0.0,26.8,26.8,11.2,68558,14.9,15.59,1,-0.369,-0.392,-0.023,0,0,0
Duxbury,Washington,288.0,1,1,288.0,medium,0,1,0,0,14.24,12.5,1.74,,14.23611111111111,,0.0,0.0,14.2,14.2,9.9,77278,10.3,4.34,1,0.59,-1.225,-1.815,0,0,0
East Barre,Washington,77.0,1,1,77.0,small,0,1,0,0,35.06,35.06,0.0,,35.064935064935064,,0.0,0.0,35.1,35.1,9.9,77278,10.3,25.16,1,0.59,0.156,-0.434,0,0,0
East Corinth,Orange,263.0,1,1,263.0,medium,1,0,0,0,38.02,32.7,5.32,38.02281368821293,,,0.0,0.0,38.0,38.0,9.2,74534,10.2,28.82,1,0.288,0.352,0.064,0,0,0
East Dover,Windham,90.0,1,1,90.0,small,1,0,0,0,23.33,23.33,0.0,23.333333333333332,,,0.0,0.0,23.3,23.3,12.6,65473,13.5,10.73,1,-0.709,-0.622,0.087,0,0,0
East Dummerston,Windham,162.0,1,1,162.0,small,1,0,0,0,14.81,12.96,1.85,14.814814814814813,,,0.0,0.0,14.8,14.8,12.6,65473,13.5,2.21,1,-0.709,-1.187,-0.478,0,0,0
East Montpelier,Washington,231.0,1,1,231.0,medium,1,0,0,0,13.42,9.96,3.46,13.41991341991342,,,0.0,0.0,13.4,13.4,9.9,77278,10.3,3.52,1,0.59,-1.279,-1.869,0,0,0
Eden,Lamoille,127.0,1,1,127.0,small,1,0,0,0,50.39,44.88,5.51,50.39370078740157,,,0.0,0.0,50.4,50.4,8.6,69886,8.7,41.79,1,-0.223,1.172,1.395,1,0,0
Enosburg Falls,Franklin,612.0,2,0,306.0,large,1,0,1,0,48.04,36.11,11.93,49.38775510204081,,47.13896457765668,2.64,2.3,47.1,49.4,10.4,73633,11.6,37.64,1,0.189,1.017,0.828,0,0,0
Essex Junction,Chittenden,3541.0,8,0,442.62,very_large,5,2,1,0,16.38,13.02,3.36,16.176470588235293,17.97432239657632,15.728476821192054,19.37,11.7,12.1,23.8,11.2,89494,7.6,5.18,1,1.935,-1.083,-3.018,0,0,0
Fair Haven,Rutland,800.0,2,0,400.0,large,1,0,1,0,30.5,21.38,9.12,39.77272727272727,,25.932835820895523,96.6,13.9,25.9,39.8,11.4,62641,10.6,19.1,1,-1.021,-0.146,0.875,0,0,0
Fairfax,Franklin,1039.0,2,0,519.5,very_large,1,0,1,0,14.92,10.68,4.23,14.423076923076922,,15.66265060240964,0.84,1.3,14.4,15.7,10.4,73633,11.6,4.52,1,0.189,-1.179,-1.368,0,0,0
Fairfield,Franklin,252.0,1,1,252.0,medium,1,0,0,0,17.86,14.29,3.57,17.857142857142858,,,0.0,0.0,17.9,17.9,10.4,73633,11.6,7.46,1,0.189,-0.984,-1.173,0,0,0
Fairlee,Orange,116.0,1,1,116.0,small,1,0,0,0,25.86,19.83,6.03,25.862068965517242,,,0.0,0.0,25.9,25.9,9.2,74534,10.2,16.66,1,0.288,-0.454,-0.742,0,0,0
Fayston,Washington,99.0,1,1,99.0,small,1,0,0,0,10.1,9.09,1.01,10.1010101010101,,,0.0,0.0,10.1,10.1,9.9,77278,10.3,0.2,1,0.59,-1.499,-2.089,0,0,0
Ferrisburgh,Addison,244.0,1,1,244.0,medium,1,0,0,0,15.57,12.3,3.28,15.573770491803279,,,0.0,0.0,15.6,15.6,7.5,85870,9.0,8.07,1,1.536,-1.136,-2.672,0,0,0
Franklin,Franklin,140.0,1,1,140.0,small,1,0,0,0,42.86,29.29,13.57,42.857142857142854,,,0.0,0.0,42.9,42.9,10.4,73633,11.6,32.46,1,0.189,0.673,0.484,0,0,0
Gilman,Essex,60.0,1,1,60.0,small,1,0,0,0,55.0,55.0,0.0,55.00000000000001,,,0.0,0.0,55.0,55.0,13.2,55247,16.2,41.8,1,-1.834,1.478,3.312,1,0,0
Glover,Orleans,107.0,1,1,107.0,small,1,0,0,0,42.06,19.63,22.43,42.05607476635514,,,0.0,0.0,42.1,42.1,9.8,63981,13.7,32.26,1,-0.873,0.62,1.493,0,0,0
Grafton,Windham,46.0,1,1,46.0,very_small,1,0,0,0,45.65,34.78,10.87,45.65217391304348,,,0.0,0.0,45.7,45.7,12.6,65473,13.5,33.05,1,-0.709,0.858,1.567,0,0,1
Grand Isle,Grand Isle,140.0,1,1,140.0,small,1,0,0,0,22.86,22.86,0.0,22.857142857142858,,,0.0,0.0,22.9,22.9,7.4,86639,9.7,15.46,1,1.621,-0.653,-2.274,0,0,0
Greensboro,Orleans,41.0,1,1,41.0,very_small,1,0,0,0,24.39,24.39,0.0,24.390243902439025,,,0.0,0.0,24.4,24.4,9.8,63981,13.7,14.59,1,-0.873,-0.551,0.322,0,0,1
Guilford,Windham,141.0,1,1,141.0,small,1,0,0,0,22.7,21.28,1.42,22.69503546099291,,,0.0,0.0,22.7,22.7,12.6,65473,13.5,10.1,1,-0.709,-0.664,0.045,0,0,0
Hardwick,Caledonia,542.0,2,0,271.0,large,1,0,1,0,31.18,29.15,2.03,34.024896265560166,,28.903654485049834,13.01,5.1,28.9,34.0,11.8,62964,14.1,19.38,1,-0.985,-0.101,0.884,0,0,0
Hartland,Windsor,281.0,1,1,281.0,medium,1,0,0,0,31.32,18.51,12.81,31.316725978647685,,,0.0,0.0,31.3,31.3,8.7,69492,9.0,22.62,1,-0.267,-0.092,0.175,0,0,0
Highgate Center,Franklin,273.0,1,1,273.0,medium,1,0,0,0,31.87,22.34,9.52,31.868131868131865,,,0.0,0.0,31.9,31.9,10.4,73633,11.6,21.47,1,0.189,-0.056,-0.245,0,0,0
Hinesburg,Chittenden,1831.0,2,0,915.5,very_large,1,0,1,0,16.6,13.87,2.73,22.529644268774703,,14.339622641509434,33.62,8.2,14.3,22.5,11.2,89494,7.6,5.4,1,1.935,-1.068,-3.003,0,0,0
Huntington,Chittenden,116.0,1,1,116.0,small,1,0,0,0,12.93,6.03,6.9,12.931034482758621,,,0.0,0.0,12.9,12.9,11.2,89494,7.6,1.73,1,1.935,-1.311,-3.246,0,0,0
Hyde Park,Lamoille,939.0,3,0,313.0,large,1,1,1,0,31.63,25.88,5.75,35.678391959798994,34.73282442748092,28.24267782426778,16.58,7.5,28.2,35.7,8.6,69886,8.7,23.03,1,-0.223,-0.071,0.152,0,0,0
Irasburg,Orleans,121.0,1,1,121.0,small,1,0,0,0,53.72,42.98,10.74,53.71900826446281,,,0.0,0.0,53.7,53.7,9.8,63981,13.7,43.92,1,-0.873,1.393,2.266,1,0,0
Island Pond,Essex,135.0,1,1,135.0,small,1,0,0,0,62.22,53.33,8.89,62.22222222222222,,,0.0,0.0,62.2,62.2,13.2,55247,16.2,49.02,1,-1.834,1.957,3.791,1,0,0
Jamaica,Windham,26.0,1,1,26.0,very_small,1,0,0,0,30.77,30.77,0.0,30.76923076923077,,,0.0,0.0,30.8,30.8,12.6,65473,13.5,18.17,1,-0.709,-0.128,0.581,0,0,1
Jay,Orleans,80.0,1,1,80.0,small,1,0,0,0,42.5,28.75,13.75,42.5,,,0.0,0.0,42.5,42.5,9.8,63981,13.7,32.7,1,-0.873,0.649,1.522,0,0,0
Jeffersonville,Chittenden,336.0,1,1,336.0,medium,1,0,0,0,21.13,17.26,3.87,21.13095238095238,,,0.0,0.0,21.1,21.1,11.2,89494,7.6,9.93,1,1.935,-0.768,-2.703,0,0,0
Jericho,Chittenden,1534.0,3,0,511.33,very_large,1,1,1,0,6.06,4.82,1.24,2.70935960591133,6.043956043956044,7.853403141361256,6.92,5.2,2.7,7.9,11.2,89494,7.6,-5.14,0,1.935,-1.767,-3.702,0,0,0
Johnson,Lamoille,217.0,1,1,217.0,medium,1,0,0,0,49.31,42.86,6.45,49.30875576036866,,,0.0,0.0,49.3,49.3,8.6,69886,8.7,40.71,1,-0.223,1.101,1.324,0,0,0
Killington,Rutland,111.0,1,1,111.0,small,1,0,0,0,12.61,12.61,0.0,12.612612612612612,,,0.0,0.0,12.6,12.6,11.4,62641,10.6,1.21,1,-1.021,-1.333,-0.312,0,0,0
Lake Elmore,Lamoille,17.0,1,1,17.0,very_small,1,0,0,0,29.41,23.53,5.88,29.411764705882355,,,0.0,0.0,29.4,29.4,8.6,69886,8.7,20.81,1,-0.223,-0.219,0.004,0,0,1
Lincoln,Addison,70.0,1,1,70.0,small,1,0,0,0,24.29,11.43,12.86,24.285714285714285,,,0.0,0.0,24.3,24.3,7.5,85870,9.0,16.79,1,1.536,-0.558,-2.094,0,0,0
Londonderry,Windham,308.0,1,1,308.0,medium,1,0,0,0,26.62,18.51,8.12,26.623376623376622,,,0.0,0.0,26.6,26.6,12.6,65473,13.5,14.02,1,-0.709,-0.404,0.305,0,0,0
Lowell,Orleans,86.0,1,1,86.0,small,1,0,0,0,68.6,50.0,18.6,68.6046511627907,,,0.0,0.0,68.6,68.6,9.8,63981,13.7,58.8,1,-0.873,2.38,3.253,1,0,0
Ludlow,Windsor,87.0,1,1,87.0,small,1,0,0,0,43.68,42.53,1.15,43.67816091954023,,,0.0,0.0,43.7,43.7,8.7,69492,9.0,34.98,1,-0.267,0.728,0.995,0,0,0
Lyndonville,Caledonia,501.0,1,1,501.0,large,1,0,0,0,44.91,44.71,0.2,44.91017964071856,,,0.0,0.0,44.9,44.9,11.8,62964,14.1,33.11,1,-0.985,0.809,1.794,0,0,0
Manchester Center,Bennington,392.0,1,1,392.0,medium,1,0,0,0,41.33,32.91,8.42,41.3265306122449,,,0.0,0.0,41.3,41.3,11.2,68558,14.9,30.13,1,-0.369,0.572,0.941,0,0,0
Marlboro,Windham,89.0,1,1,89.0,small,1,0,0,0,31.46,24.72,6.74,31.46067415730337,,,0.0,0.0,31.5,31.5,12.6,65473,13.5,18.86,1,-0.709,-0.083,0.626,0,0,0
Middlebury,Addison,1430.0,4,0,357.5,very_large,2,1,1,0,21.26,16.85,4.41,23.933209647495364,22.493224932249323,17.624521072796934,34.95,13.4,11.6,25.0,7.5,85870,9.0,13.76,1,1.536,-0.759,-2.295,0,0,0
Middlesex,Washington,121.0,1,1,121.0,small,1,0,0,0,16.53,9.92,6.61,16.528925619834713,,,0.0,0.0,16.5,16.5,9.9,77278,10.3,6.63,1,0.59,-1.073,-1.663,0,0,0
Middletown Springs,Rutland,73.0,1,1,73.0,small,1,0,0,0,36.99,31.51,5.48,36.986301369863014,,,0.0,0.0,37.0,37.0,11.4,62641,10.6,25.59,1,-1.021,0.284,1.305,0,0,0
Milton,Chittenden,1459.0,3,0,486.33,very_large,1,1,1,0,25.98,22.21,3.77,28.84310618066561,28.53470437017995,19.58997722095672,27.32,9.2,19.6,28.8,11.2,89494,7.6,14.78,1,1.935,-0.446,-2.381,0,0,0
Monkton,Addison,125.0,1,1,125.0,small,1,0,0,0,20.8,12.0,8.8,20.8,,,0.0,0.0,20.8,20.8,7.5,85870,9.0,13.3,1,1.536,-0.79,-2.326,0,0,0
Montgomery Center,Franklin,151.0,1,1,151.0,small,1,0,0,0,37.09,24.5,12.58,37.086092715231786,,,0.0,0.0,37.1,37.1,10.4,73633,11.6,26.69,1,0.189,0.291,0.102,0,0,0
Montpelier,Washington,1885.0,4,0,471.25,very_large,1,1,2,0,20.11,16.55,3.55,13.392857142857142,25.993883792048926,21.08108108108108,28.38,12.6,13.4,26.0,9.9,77278,10.3,10.21,1,0.59,-0.835,-1.425,0,0,0
Moretown,Washington,721.0,2,0,360.5,large,1,0,1,0,20.53,17.48,3.05,27.878787878787882,,18.345323741007196,46.08,9.6,18.3,27.9,9.9,77278,10.3,10.63,1,0.59,-0.807,-1.397,0,0,0
Morrisville,Lamoille,795.0,3,0,265.0,large,1,1,1,0,28.05,24.78,3.27,35.947712418300654,26.785714285714285,20.0,63.64,15.9,20.0,35.9,8.6,69886,8.7,19.45,1,-0.223,-0.309,-0.086,0,0,0
Mount Holly,Rutland,105.0,1,1,105.0,small,1,0,0,0,29.52,25.71,3.81,29.523809523809526,,,0.0,0.0,29.5,29.5,11.4,62641,10.6,18.12,1,-1.021,-0.211,0.81,0,0,0
New Haven,Addison,78.0,1,1,78.0,small,1,0,0,0,16.67,8.97,7.69,16.666666666666664,,,0.0,0.0,16.7,16.7,7.5,85870,9.0,9.17,1,1.536,-1.063,-2.599,0,0,0
Newark,Caledonia,69.0,1,1,69.0,small,1,0,0,0,24.64,23.19,1.45,24.637681159420293,,,0.0,0.0,24.6,24.6,11.8,62964,14.1,12.84,1,-0.985,-0.535,0.45,0,0,0
Newbury,Orange,96.0,1,1,96.0,small,1,0,0,0,37.5,31.25,6.25,37.5,,,0.0,0.0,37.5,37.5,9.2,74534,10.2,28.3,1,0.288,0.318,0.03,0,0,0
Newfane,Windham,101.0,1,1,101.0,small,1,0,0,0,25.74,20.79,4.95,25.742574257425744,,,0.0,0.0,25.7,25.7,12.6,65473,13.5,13.14,1,-0.709,-0.462,0.247,0,0,0
Newport,Orleans,994.0,2,0,497.0,large,1,0,1,0,58.75,50.2,8.55,70.6070287539936,,53.30396475770925,149.64,17.3,53.3,70.6,9.8,63981,13.7,48.95,1,-0.873,1.727,2.6,1,0,0
Newport Center,Orleans,128.0,1,1,128.0,small,1,0,0,0,58.59,50.78,7.81,58.59375,,,0.0,0.0,58.6,58.6,9.8,63981,13.7,48.79,1,-0.873,1.716,2.589,1,0,0
North Clarendon,Rutland,532.0,2,0,266.0,large,1,0,1,0,33.08,26.5,6.58,41.358024691358025,,29.45945945945946,70.8,11.9,29.5,41.4,11.4,62641,10.6,21.68,1,-1.021,0.025,1.046,0,0,0
North Hero,Grand Isle,50.0,1,1,50.0,very_small,1,0,0,0,54.0,42.0,12.0,54.0,,,0.0,0.0,54.0,54.0,7.4,86639,9.7,46.6,1,1.621,1.412,-0.209,1,0,0
North Troy,Orleans,187.0,1,1,187.0,small,1,0,0,0,75.4,63.1,12.3,75.40106951871658,,,0.0,0.0,75.4,75.4,9.8,63981,13.7,65.6,1,-0.873,2.831,3.704,1,1,0
Northfield,Washington,525.0,2,0,262.5,large,1,0,1,0,20.95,20.95,0.0,20.415224913494807,,21.610169491525426,0.72,1.2,20.4,21.6,9.9,77278,10.3,11.05,1,0.59,-0.78,-1.37,0,0,0
Norwich,Windsor,351.0,1,1,351.0,medium,1,0,0,0,6.55,6.55,0.0,6.552706552706552,,,0.0,0.0,6.6,6.6,8.7,69492,9.0,-2.15,0,-0.267,-1.734,-1.467,0,0,0
Orford,Windsor,234.0,1,1,234.0,medium,0,0,1,0,30.34,20.94,9.4,,,30.34188034188034,0.0,0.0,30.3,30.3,8.7,69492,9.0,21.64,1,-0.267,-0.157,0.11,0,0,0
Orleans,Orleans,517.0,2,0,258.5,large,1,0,1,0,47.78,36.36,11.41,62.59541984732825,,42.74611398963731,198.0,19.9,42.7,62.6,9.8,63981,13.7,37.98,1,-0.873,0.999,1.872,0,0,0
Orwell,Addison,140.0,1,1,140.0,small,1,0,0,0,30.0,22.14,7.86,30.0,,,0.0,0.0,30.0,30.0,7.5,85870,9.0,22.5,1,1.536,-0.18,-1.716,0,0,0
Peacham,Caledonia,66.0,1,1,66.0,small,1,0,0,0,16.67,15.15,1.52,16.666666666666664,,,0.0,0.0,16.7,16.7,11.8,62964,14.1,4.87,1,-0.985,-1.063,-0.078,0,0,0
Pittsford,Rutland,180.0,1,1,180.0,small,1,0,0,0,35.56,35.56,0.0,35.55555555555556,,,0.0,0.0,35.6,35.6,11.4,62641,10.6,24.16,1,-1.021,0.189,1.21,0,0,0
Plainfield,Washington,414.0,2,0,207.0,medium,1,0,0,1,33.09,24.4,8.7,17.894736842105264,,,194.04,19.7,17.9,37.6,9.9,77278,10.3,23.19,1,0.59,0.025,-0.565,0,0,0
Poultney,Rutland,500.0,2,0,250.0,medium,1,0,1,0,34.6,26.4,8.2,31.203007518796994,,38.46153846153847,26.64,7.3,31.2,38.5,11.4,62641,10.6,23.2,1,-1.021,0.125,1.146,0,0,0
Pownal,Bennington,271.0,1,1,271.0,medium,1,0,0,0,59.04,51.66,7.38,59.040590405904055,,,0.0,0.0,59.0,59.0,11.2,68558,14.9,47.84,1,-0.369,1.746,2.115,1,0,0
Proctor,Rutland,280.0,2,0,140.0,medium,1,0,1,0,37.5,28.21,9.29,44.5859872611465,,28.455284552845526,129.61,16.1,28.5,44.6,11.4,62641,10.6,26.1,1,-1.021,0.318,1.339,0,0,0
Proctorsville,Windsor,84.0,1,1,84.0,small,1,0,0,0,38.1,29.76,8.33,38.095238095238095,,,0.0,0.0,38.1,38.1,8.7,69492,9.0,29.4,1,-0.267,0.358,0.625,0,0,0
Putney,Windham,182.0,1,1,182.0,small,1,0,0,0,39.56,31.87,7.69,39.56043956043956,,,0.0,0.0,39.6,39.6,12.6,65473,13.5,26.96,1,-0.709,0.454,1.163,0,0,0
Quechee,Windsor,203.0,1,1,203.0,medium,1,0,0,0,18.72,15.27,3.45,18.7192118226601,,,0.0,0.0,18.7,18.7,8.7,69492,9.0,10.02,1,-0.267,-0.927,-0.66,0,0,0
Randolph,Orange,701.0,2,0,350.5,large,1,0,1,0,28.1,21.26,6.85,25.07462686567164,,30.87431693989071,16.82,5.8,25.1,30.9,9.2,74534,10.2,18.9,1,0.288,-0.305,-0.593,0,0,0
Reading,Windsor,34.0,1,1,34.0,very_small,1,0,0,0,11.76,11.76,0.0,11.76470588235294,,,0.0,0.0,11.8,11.8,8.7,69492,9.0,3.06,1,-0.267,-1.389,-1.122,0,0,1
Readsboro,Bennington,39.0,1,1,39.0,very_small,1,0,0,0,33.33,30.77,2.56,33.33333333333333,,,0.0,0.0,33.3,33.3,11.2,68558,14.9,22.13,1,-0.369,0.041,0.41,0,0,1
Richford,Franklin,639.0,3,0,213.0,large,2,0,1,0,59.0,50.7,8.29,56.13577023498695,,63.28125,21.69,9.3,54.0,63.3,10.4,73633,11.6,48.6,1,0.189,1.743,1.554,1,0,0
Richmond,Chittenden,677.0,2,0,338.5,large,1,1,0,0,9.75,8.27,1.48,9.72972972972973,9.77198697068404,,0.01,0.1,9.7,9.8,11.2,89494,7.6,-1.45,0,1.935,-1.522,-3.457,0,0,0
Ripton,Addison,46.0,1,1,46.0,very_small,1,0,0,0,23.91,17.39,6.52,23.91304347826087,,,0.0,0.0,23.9,23.9,7.5,85870,9.0,16.41,1,1.536,-0.583,-2.119,0,0,1
Rochester,Windsor,84.0,1,1,84.0,small,1,0,0,0,45.24,33.33,11.9,45.23809523809524,,,0.0,0.0,45.2,45.2,8.7,69492,9.0,36.54,1,-0.267,0.831,1.098,0,0,0
Roxbury,Washington,51.0,1,1,51.0,small,1,0,0,0,33.33,27.45,5.88,33.33333333333333,,,0.0,0.0,33.3,33.3,9.9,77278,10.3,23.43,1,0.59,0.041,-0.549,0,0,0
Rutland,Rutland,1959.0,5,0,391.8,very_large,3,1,1,0,43.8,41.45,2.35,50.682056663168936,48.818897637795274,33.37765957446808,134.73,27.7,33.4,61.1,11.4,62641,10.6,32.4,1,-1.021,0.736,1.757,0,0,0
Rutland Town,Rutland,360.0,1,1,360.0,medium,1,0,0,0,11.39,10.28,1.11,11.38888888888889,,,0.0,0.0,11.4,11.4,11.4,62641,10.6,-0.01,0,-1.021,-1.413,-0.392,0,0,0
Saint Albans,Franklin,3029.0,4,0,757.25,very_large,3,0,1,0,28.72,23.61,5.12,32.23529411764706,,20.464601769911507,332.67,37.1,19.4,56.5,10.4,73633,11.6,18.32,1,0.189,-0.264,-0.453,0,0,0
Saint Johnsbury,Caledonia,702.0,1,1,702.0,large,1,0,0,0,52.42,45.01,7.41,52.42165242165242,,,0.0,0.0,52.4,52.4,11.8,62964,14.1,40.62,1,-0.985,1.307,2.292,1,0,0
Salisbury,Addison,65.0,1,1,65.0,small,1,0,0,0,47.69,35.38,12.31,47.69230769230769,,,0.0,0.0,47.7,47.7,7.5,85870,9.0,40.19,1,1.536,0.993,-0.543,0,0,0
Saxtons River,Windham,76.0,1,1,76.0,small,1,0,0,0,47.37,42.11,5.26,47.368421052631575,,,0.0,0.0,47.4,47.4,12.6,65473,13.5,34.77,1,-0.709,0.972,1.681,0,0,0
Shaftsbury,Bennington,245.0,1,1,245.0,medium,1,0,0,0,36.73,29.39,7.35,36.734693877551024,,,0.0,0.0,36.7,36.7,11.2,68558,14.9,25.53,1,-0.369,0.267,0.636,0,0,0
Sharon,Windsor,170.0,1,1,170.0,small,1,0,0,0,37.65,30.0,7.65,37.64705882352941,,,0.0,0.0,37.6,37.6,8.7,69492,9.0,28.95,1,-0.267,0.328,0.595,0,0,0
Sheffield,Caledonia,136.0,1,1,136.0,small,1,0,0,0,44.85,44.85,0.0,44.85294117647059,,,0.0,0.0,44.9,44.9,11.8,62964,14.1,33.05,1,-0.985,0.805,1.79,0,0,0
Shelburne,Chittenden,736.0,1,1,736.0,large,1,0,0,0,13.72,11.68,2.04,13.722826086956522,,,0.0,0.0,13.7,13.7,11.2,89494,7.6,2.52,1,1.935,-1.259,-3.194,0,0,0
Sheldon,Franklin,335.0,1,1,335.0,medium,1,0,0,0,38.51,25.37,13.13,38.50746268656716,,,0.0,0.0,38.5,38.5,10.4,73633,11.6,28.11,1,0.189,0.385,0.196,0,0,0
Shoreham,Addison,76.0,1,1,76.0,small,1,0,0,0,23.68,15.79,7.89,23.684210526315788,,,0.0,0.0,23.7,23.7,7.5,85870,9.0,16.18,1,1.536,-0.599,-2.135,0,0,0
South Burlington,Chittenden,2700.0,5,0,540.0,very_large,3,1,1,0,16.44,14.96,1.48,17.843866171003718,17.578125,13.523131672597867,4.25,5.1,13.5,18.6,11.2,89494,7.6,5.24,1,1.935,-1.079,-3.014,0,0,0
South Hero,Grand Isle,141.0,1,1,141.0,small,1,0,0,0,12.77,11.35,1.42,12.76595744680851,,,0.0,0.0,12.8,12.8,7.4,86639,9.7,5.37,1,1.621,-1.322,-2.943,0,0,0
South Pomfret,Windsor,91.0,1,1,91.0,small,0,1,0,0,13.19,13.19,0.0,,13.186813186813188,,0.0,0.0,13.2,13.2,8.7,69492,9.0,4.49,1,-0.267,-1.294,-1.027,0,0,0
South Royalton,Windsor,356.0,2,0,178.0,medium,1,0,1,0,43.26,33.43,9.83,43.90243902439025,,42.70833333333333,0.72,1.2,42.7,43.9,8.7,69492,9.0,34.56,1,-0.267,0.7,0.967,0,0,0
South Strafford,Orange,126.0,1,1,126.0,small,1,0,0,0,23.02,19.84,3.17,23.015873015873016,,,0.0,0.0,23.0,23.0,9.2,74534,10.2,13.82,1,0.288,-0.642,-0.93,0,0,0
Springfield,Windsor,1219.0,4,0,304.75,very_large,2,1,1,0,50.53,47.25,3.28,50.0,57.08661417322835,46.46153846153846,27.7,10.6,46.5,57.1,8.7,69492,9.0,41.83,1,-0.267,1.182,1.449,1,0,0
Starksboro,Addison,106.0,1,1,106.0,small,1,0,0,0,29.25,29.25,0.0,29.245283018867923,,,0.0,0.0,29.2,29.2,7.5,85870,9.0,21.75,1,1.536,-0.229,-1.765,0,0,0
Stockbridge,Windsor,45.0,1,1,45.0,very_small,1,0,0,0,35.56,35.56,0.0,35.55555555555556,,,0.0,0.0,35.6,35.6,8.7,69492,9.0,26.86,1,-0.267,0.189,0.456,0,0,1
Stowe,Lamoille,790.0,3,0,263.33,large,1,1,1,0,7.72,6.2,1.52,8.70712401055409,7.368421052631578,6.334841628959276,1.44,2.4,6.3,8.7,8.6,69886,8.7,-0.88,0,-0.223,-1.657,-1.434,0,0,0
Stramford,Bennington,74.0,1,1,74.0,small,1,0,0,0,27.03,22.97,4.05,27.027027027027028,,,0.0,0.0,27.0,27.0,11.2,68558,14.9,15.83,1,-0.369,-0.376,-0.007,0,0,0
Sutton,Caledonia,113.0,1,1,113.0,small,1,0,0,0,42.48,41.59,0.88,42.47787610619469,,,0.0,0.0,42.5,42.5,11.8,62964,14.1,30.68,1,-0.985,0.648,1.633,0,0,0
Swanton,Franklin,1400.0,2,0,700.0,very_large,1,0,1,0,38.07,25.86,12.21,39.45783132530121,,36.82065217391305,3.65,2.7,36.8,39.5,10.4,73633,11.6,27.67,1,0.189,0.356,0.167,0,0,0
Thetford,Orange,208.0,1,1,208.0,medium,1,0,0,0,13.46,12.98,0.48,13.461538461538462,,,0.0,0.0,13.5,13.5,9.2,74534,10.2,4.26,1,0.288,-1.276,-1.564,0,0,0
Tinmouth,Rutland,70.0,1,1,70.0,small,1,0,0,0,54.29,38.57,15.71,54.285714285714285,,,0.0,0.0,54.3,54.3,11.4,62641,10.6,42.89,1,-1.021,1.431,2.452,1,0,0
Townshend,Windham,347.0,2,0,173.5,medium,1,0,1,0,18.73,14.7,4.03,25.555555555555554,,16.342412451361866,43.25,9.3,16.3,25.6,12.6,65473,13.5,6.13,1,-0.709,-0.927,-0.218,0,0,0
Tunbridge,Orange,149.0,1,1,149.0,small,1,0,0,0,27.52,24.16,3.36,27.516778523489933,,,0.0,0.0,27.5,27.5,9.2,74534,10.2,18.32,1,0.288,-0.344,-0.632,0,0,0
Underhill Center,Chittenden,200.0,1,1,200.0,small,1,0,0,0,8.0,7.0,1.0,8.0,,,0.0,0.0,8.0,8.0,11.2,89494,7.6,-3.2,0,1.935,-1.638,-3.573,0,0,0
Vergennes,Addison,695.0,2,0,347.5,large,1,0,1,0,30.65,23.17,7.48,31.986531986531986,,29.64824120603015,2.88,2.4,29.6,32.0,7.5,85870,9.0,23.15,1,1.536,-0.136,-1.672,0,0,0
Vernon,Windham,185.0,1,1,185.0,small,1,0,0,0,31.89,29.73,2.16,31.891891891891895,,,0.0,0.0,31.9,31.9,12.6,65473,13.5,19.29,1,-0.709,-0.054,0.655,0,0,0
Waitsfield,Washington,168.0,1,1,168.0,small,1,0,0,0,29.76,26.19,3.57,29.761904761904763,,,0.0,0.0,29.8,29.8,9.9,77278,10.3,19.86,1,0.59,-0.195,-0.785,0,0,0
Walden,Caledonia,74.0,1,1,74.0,small,1,0,0,0,37.84,33.78,4.05,37.83783783783784,,,0.0,0.0,37.8,37.8,11.8,62964,14.1,26.04,1,-0.985,0.34,1.325,0,0,0
Wallingford,Rutland,122.0,1,1,122.0,small,1,0,0,0,66.39,52.46,13.93,66.39344262295081,,,0.0,0.0,66.4,66.4,11.4,62641,10.6,54.99,1,-1.021,2.233,3.254,1,0,0
Wardsboro,Windham,49.0,1,1,49.0,very_small,1,0,0,0,28.57,16.33,12.24,28.57142857142857,,,0.0,0.0,28.6,28.6,12.6,65473,13.5,15.97,1,-0.709,-0.274,0.435,0,0,1
Warren,Washington,142.0,1,1,142.0,small,1,0,0,0,19.01,15.49,3.52,19.014084507042252,,,0.0,0.0,19.0,19.0,9.9,77278,10.3,9.11,1,0.59,-0.908,-1.498,0,0,0
Washington,Orange,118.0,1,1,118.0,small,1,0,0,0,37.29,37.29,0.0,37.28813559322034,,,0.0,0.0,37.3,37.3,9.2,74534,10.2,28.09,1,0.288,0.304,0.016,0,0,0
Waterbury,Washington,400.0,1,1,400.0,medium,1,0,0,0,25.0,23.0,2.0,25.0,,,0.0,0.0,25.0,25.0,9.9,77278,10.3,15.1,1,0.59,-0.511,-1.101,0,0,0
Waterford,Caledonia,154.0,1,1,154.0,small,1,0,0,0,18.18,12.99,5.19,18.181818181818183,,,0.0,0.0,18.2,18.2,11.8,62964,14.1,6.38,1,-0.985,-0.963,0.022,0,0,0
Waterville,Lamoille,81.0,1,1,81.0,small,1,0,0,0,38.27,35.8,2.47,38.2716049382716,,,0.0,0.0,38.3,38.3,8.6,69886,8.7,29.67,1,-0.223,0.369,0.592,0,0,0
Wells,Rutland,84.0,1,1,84.0,small,1,0,0,0,38.1,32.14,5.95,38.095238095238095,,,0.0,0.0,38.1,38.1,11.4,62641,10.6,26.7,1,-1.021,0.358,1.379,0,0,0
Wells River,Orange,411.0,1,1,411.0,medium,0,0,0,1,44.53,39.42,5.11,,,,0.0,0.0,44.5,44.5,9.2,74534,10.2,35.33,1,0.288,0.784,0.496,0,0,0
West Burke,Caledonia,189.0,1,1,189.0,small,1,0,0,0,24.87,24.87,0.0,24.867724867724867,,,0.0,0.0,24.9,24.9,11.8,62964,14.1,13.07,1,-0.985,-0.52,0.465,0,0,0
West Charleston,Orleans,117.0,1,1,117.0,small,1,0,0,0,56.41,40.17,16.24,56.41025641025641,,,0.0,0.0,56.4,56.4,9.8,63981,13.7,46.61,1,-0.873,1.572,2.445,1,0,0
West Fairlee,Orange,77.0,1,1,77.0,small,1,0,0,0,44.16,29.87,14.29,44.15584415584416,,,0.0,0.0,44.2,44.2,9.2,74534,10.2,34.96,1,0.288,0.759,0.471,0,0,0
West Halifax,Windham,62.0,1,1,62.0,small,1,0,0,0,50.0,22.58,27.42,50.0,,,0.0,0.0,50.0,50.0,12.6,65473,13.5,37.4,1,-0.709,1.147,1.856,0,0,0
West Pawlet,Rutland,138.0,1,1,138.0,small,1,0,0,0,43.48,35.51,7.97,43.47826086956522,,,0.0,0.0,43.5,43.5,11.4,62641,10.6,32.08,1,-1.021,0.714,1.735,0,0,0
West Rutland,Rutland,326.0,1,1,326.0,medium,0,0,0,1,30.98,26.07,4.91,,,,0.0,0.0,31.0,31.0,11.4,62641,10.6,19.58,1,-1.021,-0.115,0.906,0,0,0
Westford,Chittenden,201.0,1,1,201.0,medium,1,0,0,0,13.43,8.96,4.48,13.432835820895523,,,0.0,0.0,13.4,13.4,11.2,89494,7.6,2.23,1,1.935,-1.278,-3.213,0,0,0
White River Junction,Windsor,1256.0,4,0,314.0,very_large,2,1,1,0,29.78,24.92,4.86,34.68468468468468,35.374149659863946,22.393822393822393,79.47,20.5,22.4,42.9,8.7,69492,9.0,21.08,1,-0.267,-0.194,0.073,0,0,0
Whiting,Addison,96.0,1,1,96.0,small,1,0,0,0,42.71,42.71,0.0,42.70833333333333,,,0.0,0.0,42.7,42.7,7.5,85870,9.0,35.21,1,1.536,0.663,-0.873,0,0,0
Whitingham,Windham,193.0,1,1,193.0,small,0,0,1,0,38.34,26.94,11.4,,,38.34196891191709,0.0,0.0,38.3,38.3,12.6,65473,13.5,25.74,1,-0.709,0.373,1.082,0,0,0
Williamstown,Orange,522.0,2,0,261.0,large,1,0,1,0,40.23,40.23,0.0,41.03585657370518,,39.48339483394834,1.12,1.5,39.5,41.0,9.2,74534,10.2,31.03,1,0.288,0.499,0.211,0,0,0
Williston,Chittenden,942.0,1,1,942.0,large,1,0,0,0,15.29,11.57,3.72,15.286624203821656,,,0.0,0.0,15.3,15.3,11.2,89494,7.6,4.09,1,1.935,-1.155,-3.09,0,0,0
Wilmington,Windham,181.0,1,1,181.0,small,1,0,0,0,43.09,34.81,8.29,43.0939226519337,,,0.0,0.0,43.1,43.1,12.6,65473,13.5,30.49,1,-0.709,0.688,1.397,0,0,0
Windham,Windham,22.0,1,1,22.0,very_small,1,0,0,0,13.64,13.64,0.0,13.636363636363635,,,0.0,0.0,13.6,13.6,12.6,65473,13.5,1.04,1,-0.709,-1.264,-0.555,0,0,1
Windsor,Windsor,580.0,1,1,580.0,large,0,0,0,1,33.28,28.1,5.17,,,,0.0,0.0,33.3,33.3,8.7,69492,9.0,24.58,1,-0.267,0.038,0.305,0,0,0
Winooski,Chittenden,787.0,3,0,262.33,large,1,1,1,0,60.1,59.09,1.02,55.42725173210161,61.87050359712231,68.37209302325581,42.25,13.0,55.4,68.4,11.2,89494,7.6,48.9,1,1.935,1.816,-0.119,1,0,0
Wolcott,Lamoille,121.0,1,1,121.0,small,1,0,0,0,20.66,19.83,0.83,20.66115702479339,,,0.0,0.0,20.7,20.7,8.6,69886,8.7,12.06,1,-0.223,-0.799,-0.576,0,0,0
Woodbury,Washington,55.0,1,1,55.0,small,1,0,0,0,18.18,18.18,0.0,18.181818181818183,,,0.0,0.0,18.2,18.2,9.9,77278,10.3,8.28,1,0.59,-0.963,-1.553,0,0,0
Woodstock,Windsor,718.0,2,0,359.0,large,1,0,1,0,9.47,8.36,1.11,9.66542750929368,,9.35412026726058,0.04,0.3,9.4,9.7,8.7,69492,9.0,0.77,1,-0.267,-1.541,-1.274,0,0,0
Worcester,Washington,75.0,1,1,75.0,small,1,0,0,0,25.33,25.33,0.0,25.333333333333336,,,0.0,0.0,25.3,25.3,9.9,77278,10.3,15.43,1,0.59,-0.489,-1.079,0,0,0
